Time,open,high,low,close,volume
2003-05-05 00:00,1.12177,1.15376,1.1203,1.14907,5221909.91117984
2003-05-12 00:00,1.14958,1.16244,1.13691,1.15735,5280327.41208136
2003-05-19 00:00,1.16634,1.18373,1.16013,1.18266,5257382.21204913
2003-05-26 00:00,1.1827,1.193,1.16917,1.17691,5273850.91083193
2003-06-02 00:00,1.17149,1.1886,1.16287,1.17001,5187561.71075058
2003-06-09 00:00,1.1694,1.18774,1.16564,1.1863,5304393.9118939
2003-06-16 00:00,1.18694,1.19278,1.15511,1.1604,5297603.61075932
2003-06-23 00:00,1.16025,1.16215,1.13994,1.14254,5277834.61199063
2003-06-30 00:00,1.14308,1.16079,1.13974,1.14892,5276124.51105481
2003-07-07 00:00,1.1487,1.149,1.12587,1.1299,5302935.21165055
2003-07-14 00:00,1.12934,1.13369,1.11123,1.12746,5278608.61193001
2003-07-21 00:00,1.12685,1.15487,1.12411,1.15079,5276519.81158739
2003-07-28 00:00,1.15084,1.1538,1.11348,1.12541,5235950.51191461
2003-08-04 00:00,1.12843,1.14265,1.12581,1.13083,5281815.71086544
2003-08-11 00:00,1.12898,1.13798,1.12189,1.12663,5440871.31203902
2003-08-18 00:00,1.1249,1.1269,1.08363,1.08761,5555896.21263599
2003-08-25 00:00,1.08566,1.09974,1.0793,1.09847,5579187.911937
2003-09-01 00:00,1.09943,1.11126,1.07616,1.11049,5452802.61182624
2003-09-08 00:00,1.11043,1.13228,1.10461,1.12913,5603650.01248473
2003-09-15 00:00,1.12745,1.13837,1.11382,1.13792,5573526.11240613
2003-09-22 00:00,1.14343,1.15331,1.14134,1.14607,5603507.21236283
2003-09-29 00:00,1.14558,1.17677,1.13941,1.1581,5610767.6119805
2003-10-06 00:00,1.15655,1.18604,1.15322,1.17958,5570874.9124856
2003-10-13 00:00,1.18109,1.1815,1.15526,1.16812,5567838.01239043
2003-10-20 00:00,1.17098,1.18566,1.16016,1.17797,5578684.41235644
2003-10-27 00:00,1.17742,1.17843,1.15628,1.15877,5586010.11277634
2003-11-03 00:00,1.15778,1.16192,1.13783,1.15295,5598815.41203487
2003-11-10 00:00,1.15034,1.1802,1.14431,1.17758,5601621.51202756
2003-11-17 00:00,1.17764,1.19772,1.17245,1.19152,5630777.91231436
2003-11-24 00:00,1.19084,1.20145,1.17519,1.19928,5594296.71274465
2003-12-01 00:00,1.19717,1.21781,1.19364,1.2166,5605562.61230898
2003-12-08 00:00,1.21725,1.23063,1.21123,1.22756,5582666.61240476
2003-12-15 00:00,1.21419,1.24382,1.21288,1.23739,5595930.31221354
2003-12-22 00:00,1.24025,1.24702,1.23479,1.24272,5165699.01169193
2003-12-29 00:00,1.24258,1.2646,1.24221,1.25832,4880371.91079241
2004-01-05 00:00,1.25832,1.28676,1.2559,1.28149,5587307.71253401
2004-01-12 00:00,1.28538,1.28971,1.23504,1.23962,5598122.31222701
2004-01-19 00:00,1.23676,1.27742,1.23337,1.25797,5647858.81246388
2004-01-26 00:00,1.25742,1.26618,1.23506,1.24747,5580723.31216216
2004-02-02 00:00,1.24696,1.27243,1.23897,1.27026,5640115.91237044
2004-02-09 00:00,1.26054,1.28918,1.2598,1.27315,5662521.81282848
2004-02-16 00:00,1.27444,1.29253,1.24942,1.25345,5632651.31201524
2004-02-23 00:00,1.25263,1.2712,1.23732,1.24913,5620689.41250128
2004-03-01 00:00,1.24836,1.25413,1.20556,1.23657,5628664.91305709
2004-03-08 00:00,1.23873,1.24588,1.21627,1.22171,5624349.21280819
2004-03-15 00:00,1.21903,1.24335,1.21742,1.22855,5618887.41181481
2004-03-22 00:00,1.2277,1.23998,1.20743,1.21292,5636085.61231726
2004-03-29 00:00,1.21098,1.23874,1.20578,1.21331,5592929.71271837
2004-04-05 00:00,1.21146,1.22186,1.19812,1.20888,5610558.41231155
2004-04-12 00:00,1.20927,1.20966,1.18691,1.19916,5650909.71268898
2004-04-19 00:00,1.20059,1.20766,1.17774,1.18445,5659670.91215444
2004-04-26 00:00,1.18247,1.20106,1.17583,1.198,5654607.61254299
2004-05-03 00:00,1.1984,1.21796,1.18765,1.18812,5644477.01287532
2004-05-10 00:00,1.18718,1.19415,1.17718,1.18855,5682389.1129303
2004-05-17 00:00,1.18902,1.20694,1.18768,1.19831,5665984.61279041
2004-05-24 00:00,1.19887,1.22969,1.19338,1.22148,5661740.81279588
2004-05-31 00:00,1.22374,1.23044,1.21405,1.22847,5445486.41217029
2004-06-07 00:00,1.22937,1.2351,1.19644,1.20068,5648884.01217449
2004-06-14 00:00,1.2003,1.21708,1.19526,1.21373,5685323.21217859
2004-06-21 00:00,1.21378,1.21921,1.20398,1.2175,5676014.71257812
2004-06-28 00:00,1.218,1.23281,1.20647,1.23135,5615923.01273531
2004-07-05 00:00,1.23275,1.24239,1.2265,1.24134,5605578.91262811
2004-07-12 00:00,1.2413,1.2459,1.22991,1.24548,5613591.41212255
2004-07-19 00:00,1.24482,1.2462,1.20871,1.20927,5652010.11194074
2004-07-26 00:00,1.21002,1.21902,1.19923,1.20195,5622700.11197692
2004-08-02 00:00,1.20239,1.22911,1.19709,1.22814,5629579.91229385
2004-08-09 00:00,1.22875,1.23764,1.21763,1.23734,5600310.81231809
2004-08-16 00:00,1.23738,1.23862,1.22801,1.23183,5619740.31182462
2004-08-23 00:00,1.23158,1.23241,1.20029,1.20104,5619703.31191087
2004-08-30 00:00,1.20131,1.22208,1.1986,1.20588,5598168.91191727
2004-09-06 00:00,1.20628,1.23084,1.20256,1.22602,5565080.91164005
2004-09-13 00:00,1.2264,1.22948,1.212,1.21876,5564549.21230012
2004-09-20 00:00,1.21819,1.2361,1.21227,1.22753,5570181.21180683
2004-09-27 00:00,1.22812,1.24437,1.22465,1.24165,5601865.91273403
2004-10-04 00:00,1.23949,1.24331,1.22471,1.24092,5593126.51243758
2004-10-11 00:00,1.24182,1.25002,1.22267,1.24685,5571379.51141971
2004-10-18 00:00,1.24783,1.26865,1.24498,1.26842,5592074.41265893
2004-10-25 00:00,1.26981,1.28416,1.26415,1.27972,5572746.4125666
2004-11-01 00:00,1.28013,1.29722,1.26585,1.29617,5551893.9120934
2004-11-08 00:00,1.29697,1.30028,1.28508,1.29738,5522103.0127691
2004-11-15 00:00,1.29719,1.30732,1.29165,1.30225,5531055.51284689
2004-11-22 00:00,1.30373,1.33288,1.29768,1.32952,5486202.91111994
2004-11-29 00:00,1.32679,1.34604,1.32292,1.34505,5495208.51250249
2004-12-06 00:00,1.34422,1.34691,1.31404,1.3224,5475855.71186984
2004-12-13 00:00,1.31928,1.3443,1.31883,1.33075,5487185.91188514
2004-12-20 00:00,1.33288,1.35475,1.32959,1.35316,5509503.71161127
2004-12-27 00:00,1.3529,1.36653,1.35042,1.35537,5337016.01187336
2005-01-03 00:00,1.3548,1.35797,1.30244,1.30515,5506892.41174543
2005-01-10 00:00,1.30589,1.32925,1.30486,1.31104,5500380.61219037
2005-01-17 00:00,1.31015,1.3127,1.29217,1.30388,5074329.71019584
2005-01-24 00:00,1.30392,1.3122,1.29452,1.3036,5511727.21236968
2005-01-31 00:00,1.30305,1.30926,1.2846,1.2869,5500503.01223868
2005-02-07 00:00,1.28585,1.29043,1.27318,1.28646,5499239.6121155
2005-02-14 00:00,1.28761,1.3089,1.28739,1.30725,5519990.31200403
2005-02-21 00:00,1.30435,1.32741,1.30317,1.32449,5492692.01263261
2005-02-28 00:00,1.32405,1.32792,1.30884,1.32361,5498538.11316651
2005-03-07 00:00,1.32377,1.34777,1.31778,1.34562,5507391.81156856
2005-03-14 00:00,1.34588,1.34773,1.32593,1.33242,5505892.51193231
2005-03-21 00:00,1.33112,1.33178,1.29249,1.29562,5523017.61138821
2005-03-28 00:00,1.29601,1.30455,1.28554,1.29106,5666159.61198223
2005-04-04 00:00,1.29091,1.29375,1.27991,1.2933,5695285.71279216
2005-04-11 00:00,1.29308,1.30061,1.27687,1.29236,5607614.81265408
2005-04-18 00:00,1.29156,1.31216,1.28745,1.30638,5570630.61274678
2005-04-25 00:00,1.30672,1.30699,1.28522,1.28715,5574321.71238858
2005-05-02 00:00,1.28698,1.2989,1.28098,1.28188,5601210.81156826
2005-05-09 00:00,1.28244,1.29108,1.26096,1.26302,5584230.81218719
2005-05-16 00:00,1.26252,1.26898,1.25283,1.25579,5578924.91232693
2005-05-23 00:00,1.25464,1.26282,1.24926,1.25832,5556170.01213998
2005-05-30 00:00,1.25788,1.2582,1.21591,1.22332,5559135.01184762
2005-06-06 00:00,1.22288,1.23524,1.21048,1.21153,5497381.61228269
2005-06-13 00:00,1.21111,1.22898,1.20134,1.22831,5551601.91273952
2005-06-20 00:00,1.22447,1.22658,1.19871,1.20923,5567385.11196715
2005-06-27 00:00,1.2088,1.21841,1.19366,1.19556,5524893.21237552
2005-07-04 00:00,1.19532,1.20393,1.18674,1.19645,5529481.0123654
2005-07-11 00:00,1.19703,1.22563,1.1954,1.20322,5540168.11223865
2005-07-18 00:00,1.2028,1.22478,1.19531,1.20632,5547928.01193279
2005-07-25 00:00,1.20637,1.2159,1.19649,1.2119,5559905.61181295
2005-08-01 00:00,1.21219,1.24015,1.21157,1.23553,5543795.2118631
2005-08-08 00:00,1.2366,1.2486,1.23125,1.24372,5548671.31213409
2005-08-15 00:00,1.24404,1.2465,1.21259,1.21485,5548456.21260405
2005-08-22 00:00,1.21618,1.234,1.21531,1.22907,5564734.01207876
2005-08-29 00:00,1.22895,1.25888,1.21706,1.25307,5575088.21181089
2005-09-05 00:00,1.25221,1.25845,1.23734,1.24094,5570283.61200666
2005-09-12 00:00,1.24045,1.24145,1.21945,1.22394,5519455.51154357
2005-09-19 00:00,1.22357,1.22683,1.20349,1.20378,5521957.81300044
2005-09-26 00:00,1.2036,1.20889,1.19793,1.20266,5462566.91173768
2005-10-03 00:00,1.20622,1.22042,1.18995,1.21292,5468479.51143664
2005-10-10 00:00,1.21213,1.21529,1.19143,1.20743,5464082.91209149
2005-10-17 00:00,1.20797,1.21194,1.18753,1.19562,5499624.61221713
2005-10-24 00:00,1.19527,1.2172,1.19195,1.20691,5472477.61259049
2005-10-31 00:00,1.20574,1.20889,1.18037,1.18108,5506612.91204387
2005-11-07 00:00,1.18079,1.1831,1.16705,1.17332,5479573.91230714
2005-11-14 00:00,1.17202,1.17924,1.16418,1.17733,5437206.41183025
2005-11-21 00:00,1.17721,1.18624,1.16881,1.17218,5393726.91127002
2005-11-28 00:00,1.17096,1.19015,1.16633,1.1716,5423444.91226965
2005-12-05 00:00,1.17011,1.1849,1.16879,1.18148,5401266.91130859
2005-12-12 00:00,1.17791,1.20601,1.17764,1.20128,5415269.31213921
2005-12-19 00:00,1.20216,1.20375,1.18012,1.1868,5389300.71185881
2005-12-26 00:00,1.1865,1.19307,1.17774,1.18465,5434270.71227986
2006-01-02 00:00,1.18452,1.2178,1.18106,1.21528,5425015.21230948
2006-01-09 00:00,1.21498,1.21617,1.20079,1.21423,5412553.41184336
2006-01-16 00:00,1.21433,1.21737,1.20442,1.21363,5416688.81197417
2006-01-23 00:00,1.21388,1.23218,1.20871,1.20926,5445206.71154869
2006-01-30 00:00,1.21041,1.21892,1.19706,1.20248,5391208.41169363
2006-02-06 00:00,1.20356,1.20463,1.18918,1.19026,5377113.61173993
2006-02-13 00:00,1.1899,1.19511,1.18506,1.19381,5406121.51148182
2006-02-20 00:00,1.19291,1.19743,1.18637,1.18778,5407483.71207339
2006-02-27 00:00,1.18703,1.20521,1.18264,1.20425,5390662.41207212
2006-03-06 00:00,1.2045,1.20923,1.18607,1.19081,5397793.21107382
2006-03-13 00:00,1.19116,1.22073,1.19077,1.2187,5393515.31131673
2006-03-20 00:00,1.21789,1.21957,1.19492,1.20378,5414453.91202414
2006-03-27 00:00,1.20353,1.21748,1.19816,1.21158,5400408.81204343
2006-04-03 00:00,1.21145,1.23304,1.20342,1.2094,5417832.01238763
2006-04-10 00:00,1.20954,1.21671,1.20669,1.21086,5397675.81204295
2006-04-17 00:00,1.21212,1.23938,1.21126,1.2343,5386506.31153142
2006-04-24 00:00,1.23585,1.26402,1.23333,1.2635,5429912.11196506
2006-05-01 00:00,1.2629,1.27627,1.25558,1.27267,5430608.71162611
2006-05-08 00:00,1.27292,1.29547,1.26624,1.29255,5970233.91356283
2006-05-15 00:00,1.29275,1.29708,1.2696,1.27762,8143748.61784494
2006-05-22 00:00,1.278,1.28873,1.26967,1.27344,8229160.01774204
2006-05-29 00:00,1.27369,1.29378,1.27172,1.29161,8172918.0174216
2006-06-05 00:00,1.29153,1.29781,1.25973,1.26377,8203029.11730188
2006-06-12 00:00,1.26387,1.26713,1.24997,1.26396,8212041.8192417
2006-06-19 00:00,1.26407,1.26781,1.24789,1.25034,8199200.31748903
2006-06-26 00:00,1.25024,1.2794,1.24871,1.27925,8189103.71831
2006-07-03 00:00,1.27869,1.28586,1.27069,1.28097,8203040.91772532
2006-07-10 00:00,1.28132,1.28172,1.26278,1.26463,8198551.91744602
2006-07-17 00:00,1.26503,1.26964,1.24459,1.26916,8215050.61804241
2006-07-24 00:00,1.27073,1.27703,1.25599,1.27601,8168945.21849358
2006-07-31 00:00,1.27627,1.29089,1.27197,1.28734,8196274.41746151
2006-08-07 00:00,1.28755,1.291,1.27156,1.27225,8203546.91827267
2006-08-14 00:00,1.2729,1.28861,1.26897,1.28264,8187848.71797192
2006-08-21 00:00,1.2825,1.29386,1.2727,1.27516,8192786.21738863
2006-08-28 00:00,1.27581,1.28786,1.27504,1.2836,8207952.21736944
2006-09-04 00:00,1.28376,1.28755,1.26514,1.26709,8364293.71833324
2006-09-11 00:00,1.2671,1.27519,1.26318,1.26642,8358689.61818051
2006-09-18 00:00,1.26529,1.28302,1.26272,1.27845,8340011.01809806
2006-09-25 00:00,1.27793,1.28197,1.264,1.26735,8350288.81770122
2006-10-02 00:00,1.2679,1.27647,1.25736,1.25989,8363633.91761088
2006-10-09 00:00,1.25962,1.26149,1.24841,1.25141,8346262.41808355
2006-10-16 00:00,1.25181,1.26424,1.24875,1.26181,8326633.21831626
2006-10-23 00:00,1.26185,1.27495,1.25236,1.27413,8346911.81787336
2006-10-30 00:00,1.27313,1.27972,1.26808,1.27163,8367897.5176096
2006-11-06 00:00,1.27179,1.28973,1.26905,1.28392,8310541.7181614
2006-11-13 00:00,1.28437,1.28779,1.27603,1.28277,8349014.81857395
2006-11-20 00:00,1.28273,1.31059,1.27988,1.30936,8308806.51764363
2006-11-27 00:00,1.31633,1.33468,1.30872,1.33365,8255486.11808991
2006-12-04 00:00,1.33324,1.33663,1.31915,1.31999,8332908.41712588
2006-12-11 00:00,1.31779,1.32917,1.30606,1.30811,8323307.01815432
2006-12-18 00:00,1.30798,1.32447,1.30541,1.31267,8381965.51852304
2006-12-25 00:00,1.31205,1.32062,1.30875,1.31946,8431207.21853405
2007-01-01 00:00,1.31953,1.32965,1.29814,1.30021,8364475.31830645
2007-01-08 00:00,1.30101,1.30524,1.28678,1.29238,8337034.61834729
2007-01-15 00:00,1.29235,1.3001,1.28983,1.29556,8305260.41844976
2007-01-22 00:00,1.29608,1.30438,1.28827,1.2917,8340758.2187587
2007-01-29 00:00,1.29163,1.30625,1.28959,1.29588,8331678.91840357
2007-02-05 00:00,1.29626,1.30462,1.29113,1.30073,8332572.1182732
2007-02-12 00:00,1.29906,1.31732,1.29412,1.31361,8357816.41844529
2007-02-19 00:00,1.3138,1.31895,1.30813,1.31637,8335193.61870146
2007-02-26 00:00,1.31666,1.32588,1.31428,1.31908,8321380.71850812
2007-03-05 00:00,1.31965,1.32119,1.30734,1.31128,8316579.5182507
2007-03-12 00:00,1.31306,1.33394,1.31065,1.33136,8319411.6182673
2007-03-19 00:00,1.33134,1.34104,1.32715,1.32819,10527257.4233848
2007-03-26 00:00,1.32871,1.33996,1.32547,1.3356,2965413.20713542
2007-04-02 00:00,1.3374,1.3442,1.33189,1.33805,4801002.83514591
2007-04-09 00:00,1.33795,1.3556,1.3341,1.3532,3885583.13940731
2007-04-16 00:00,1.3559,1.3638,1.35232,1.3593,4850222.87382855
2007-04-23 00:00,1.35989,1.3683,1.35415,1.3654,4822024.05134676
2007-04-30 00:00,1.36321,1.36789,1.35356,1.35909,2502261.50700623
2007-05-07 00:00,1.36025,1.36265,1.34637,1.35238,2531570.70698309
2007-05-14 00:00,1.35353,1.36095,1.34658,1.35069,2519617.50715625
2007-05-21 00:00,1.35133,1.35298,1.3413,1.3439,2344968.10646552
2007-05-28 00:00,1.34475,1.352,1.33935,1.34449,2496731.30692697
2007-06-04 00:00,1.3442,1.35525,1.33235,1.33724,2596293.70716733
2007-06-11 00:00,1.33681,1.33893,1.32641,1.33877,2276855.50593376
2007-06-18 00:00,1.33775,1.34698,1.33728,1.34692,2539216.30606949
2007-06-25 00:00,1.34658,1.35417,1.34177,1.35407,2235094.90561819
2007-07-02 00:00,1.35368,1.36584,1.35278,1.36263,2423123.20551997
2007-07-09 00:00,1.36329,1.38123,1.35955,1.37821,2087324.60544252
2007-07-16 00:00,1.37847,1.38429,1.37575,1.38261,2409915.00818813
2007-07-23 00:00,1.38344,1.38529,1.36243,1.3633,3977292.27367646
2007-07-30 00:00,1.36236,1.38193,1.36071,1.37722,3818215.15738207
2007-08-06 00:00,1.3789,1.38411,1.36416,1.36917,3786412.04508087
2007-08-13 00:00,1.36901,1.37115,1.33621,1.34731,3828669.34131095
2007-08-20 00:00,1.34774,1.36835,1.3447,1.36735,3826153.75631732
2007-08-27 00:00,1.36759,1.37201,1.3559,1.36275,3837641.00458425
2007-09-03 00:00,1.3629,1.37988,1.35492,1.37667,3836608.86392018
2007-09-10 00:00,1.37695,1.39279,1.37663,1.38752,3877014.50242552
2007-09-17 00:00,1.3871,1.41205,1.3828,1.40895,3781127.91240647
2007-09-24 00:00,1.40915,1.42782,1.40571,1.4268,3834191.17901295
2007-10-01 00:00,1.42753,1.42828,1.40329,1.4136,3810475.53948802
2007-10-08 00:00,1.4137,1.42416,1.40109,1.41773,3786954.39098188
2007-10-15 00:00,1.41759,1.43197,1.41411,1.43009,3863142.97761682
2007-10-22 00:00,1.43067,1.43976,1.41238,1.43932,3828687.31436694
2007-10-29 00:00,1.44176,1.45291,1.43721,1.45043,3796848.92543232
2007-11-05 00:00,1.45148,1.47528,1.44416,1.46755,3857950.58798119
2007-11-12 00:00,1.46725,1.47255,1.45185,1.46614,3820989.65191746
2007-11-19 00:00,1.46713,1.49665,1.4618,1.48368,3803510.35673246
2007-11-26 00:00,1.48209,1.49088,1.46261,1.46343,3840957.85252237
2007-12-03 00:00,1.46384,1.47721,1.45254,1.46564,3828090.88158658
2007-12-10 00:00,1.46563,1.47516,1.44105,1.44292,3781999.48366323
2007-12-17 00:00,1.43908,1.44537,1.43091,1.43802,3854499.64261186
2007-12-24 00:00,1.43762,1.47305,1.4366,1.4724,3820125.36908576
2007-12-31 00:00,1.47157,1.48257,1.45663,1.47407,3797914.26848054
2008-01-07 00:00,1.47468,1.482,1.46371,1.47747,3867615.48965195
2008-01-14 00:00,1.47821,1.49225,1.45878,1.46198,3851785.11823171
2008-01-21 00:00,1.46053,1.47804,1.43626,1.46817,3813668.5720962
2008-01-28 00:00,1.46795,1.49473,1.46603,1.48025,3860650.70439586
2008-02-04 00:00,1.4806,1.48492,1.4439,1.4506,3831654.74374062
2008-02-11 00:00,1.45151,1.47094,1.44798,1.46812,3799345.85057461
2008-02-18 00:00,1.46806,1.48624,1.46091,1.48265,3863043.55593109
2008-02-25 00:00,1.48387,1.52393,1.47768,1.51792,3837187.61991495
2008-03-03 00:00,1.51952,1.54607,1.51435,1.5355,3821465.34478959
2008-03-10 00:00,1.53617,1.56879,1.52821,1.56724,3841453.70280626
2008-03-17 00:00,1.56755,1.59056,1.53936,1.54279,3831860.03485614
2008-03-24 00:00,1.54359,1.58603,1.53401,1.57942,3855591.26346377
2008-03-31 00:00,1.57986,1.58979,1.55082,1.57362,3777679.23213708
2008-04-07 00:00,1.57312,1.59149,1.56257,1.58101,3828564.55127802
2008-04-14 00:00,1.57844,1.59836,1.56704,1.58144,3847997.51939434
2008-04-21 00:00,1.58116,1.60194,1.55512,1.563,3817377.51629606
2008-04-28 00:00,1.56272,1.56934,1.53604,1.54242,3817966.02165231
2008-05-05 00:00,1.543,1.55959,1.52855,1.54821,3772801.95524526
2008-05-12 00:00,1.54841,1.56026,1.53639,1.55772,3862430.45490626
2008-05-19 00:00,1.55809,1.58145,1.54821,1.57602,3820199.09712213
2008-05-26 00:00,1.57682,1.58192,1.54602,1.55509,3784473.2481102
2008-06-02 00:00,1.55522,1.57785,1.53643,1.57772,3857936.86907941
2008-06-09 00:00,1.57861,1.58439,1.53008,1.53794,3816229.48994029
2008-06-16 00:00,1.53856,1.56517,1.53439,1.56038,3780827.00249073
2008-06-23 00:00,1.56163,1.57939,1.54669,1.5793,3868915.68484148
2008-06-30 00:00,1.57819,1.59122,1.56539,1.57053,3822046.92064247
2008-07-07 00:00,1.57032,1.59482,1.5608,1.59378,3805143.30123949
2008-07-14 00:00,1.59508,1.60403,1.57827,1.58472,3888249.01035988
2008-07-21 00:00,1.58448,1.59458,1.56263,1.57067,3845347.4435932
2008-07-28 00:00,1.57077,1.57693,1.5515,1.55619,3814350.30379874
2008-08-04 00:00,1.55648,1.56316,1.4995,1.50056,3897393.25585777
2008-08-11 00:00,1.5003,1.50847,1.4656,1.4688,3846697.15207562
2008-08-18 00:00,1.47018,1.49094,1.46282,1.47919,3809970.34382081
2008-08-25 00:00,1.47813,1.48113,1.45665,1.46738,3946861.53805164
2008-09-01 00:00,1.46778,1.47228,1.41965,1.42676,3870306.96453527
2008-09-08 00:00,1.42668,1.44294,1.38788,1.42228,3959353.28904587
2008-09-15 00:00,1.42283,1.45413,1.40723,1.44666,3882334.50118139
2008-09-22 00:00,1.44708,1.48655,1.44345,1.46128,3914463.23318949
2008-09-29 00:00,1.45821,1.45821,1.37035,1.3775,4675080.09154105
2008-10-06 00:00,1.36706,1.37847,1.32598,1.34107,2552109.53866321
2008-10-13 00:00,1.35699,1.37656,1.33491,1.34092,899343.168809295
2008-10-20 00:00,1.34262,1.35304,1.24956,1.2621,3505372.47084677
2008-10-27 00:00,1.25583,1.32895,1.2331,1.273,3726747.18975472
2008-11-03 00:00,1.27485,1.3116,1.25275,1.2721,3885901.13876319
2008-11-10 00:00,1.28184,1.29275,1.23895,1.2607,3957646.01952675
2008-11-17 00:00,1.25321,1.28145,1.24245,1.25895,3679422.67423759
2008-11-24 00:00,1.25905,1.3082,1.25695,1.2693,4370708.41514325
2008-12-01 00:00,1.27103,1.2849,1.255,1.27243,4543845.21672335
2008-12-08 00:00,1.2728,1.34165,1.27186,1.33713,3936753.59369397
2008-12-15 00:00,1.33677,1.4696,1.33652,1.3914,2870955.29767349
2008-12-22 00:00,1.3935,1.4126,1.39035,1.40338,1629256.61246201
2008-12-29 00:00,1.4062,1.43635,1.38405,1.3924,1940088.60794637
2009-01-05 00:00,1.39027,1.39645,1.33135,1.34743,2762789.69278892
2009-01-12 00:00,1.34743,1.3482,1.30265,1.32685,3661843.10131256
2009-01-19 00:00,1.33372,1.33875,1.27685,1.29765,3305953.06924216
2009-01-26 00:00,1.29631,1.333,1.27645,1.2815,4298881.34545148
2009-02-02 00:00,1.27682,1.3071,1.2707,1.29425,4123578.94508968
2009-02-09 00:00,1.29624,1.3093,1.2722,1.28645,4500141.70209946
2009-02-16 00:00,1.27809,1.28795,1.2514,1.28285,4498680.01186236
2009-02-23 00:00,1.2809,1.29925,1.26045,1.26715,4858378.981677
2009-03-02 00:00,1.2634,1.2752,1.24575,1.26515,4914572.30624067
2009-03-09 00:00,1.26502,1.2958,1.25565,1.29305,5326737.58597717
2009-03-16 00:00,1.28846,1.3739,1.284,1.35835,5414712.56672224
2009-03-23 00:00,1.3624,1.3737,1.32575,1.3288,4525068.2785327
2009-03-30 00:00,1.32302,1.35175,1.3117,1.3488,4100493.17984845
2009-04-06 00:00,1.34975,1.35845,1.3094,1.3191,2970296.97111979
2009-04-13 00:00,1.31876,1.3394,1.30185,1.30465,2859201.7236952
2009-04-20 00:00,1.30598,1.3302,1.28865,1.32445,3128252.89377099
2009-04-27 00:00,1.32456,1.33865,1.2966,1.32735,3665152.25273418
2009-05-04 00:00,1.32688,1.3652,1.3213,1.3641,3169581.56118593
2009-05-11 00:00,1.3646,1.3723,1.34625,1.34975,3447007.43301726
2009-05-18 00:00,1.34782,1.4051,1.3425,1.4,3612885.21133927
2009-05-25 00:00,1.40189,1.4169,1.37935,1.4159,3242669.19484331
2009-06-01 00:00,1.41463,1.434,1.3933,1.39695,3664966.01139528
2009-06-08 00:00,1.3969,1.4173,1.3806,1.4018,3384362.63669761
2009-06-15 00:00,1.39945,1.4013,1.37498,1.3944,1526445.12898457
2009-06-22 00:00,1.39494,1.4139,1.3827,1.4058,3885639.49920762
2009-06-29 00:00,1.40669,1.41997,1.39268,1.39804,1841819.18065488
2009-07-06 00:00,1.39601,1.40732,1.38302,1.39361,398286.899980307
2009-07-13 00:00,1.39372,1.41656,1.38952,1.40998,394071.300085187
2009-07-20 00:00,1.40963,1.42915,1.40918,1.42018,393133.30009234
2009-07-27 00:00,1.42067,1.43036,1.4005,1.42565,397790.400008082
2009-08-03 00:00,1.42543,1.44478,1.4154,1.41816,398540.400020361
2009-08-10 00:00,1.41838,1.4327,1.40835,1.42023,397174.100038171
2009-08-17 00:00,1.41982,1.4378,1.40448,1.43257,388929.899915695
2009-08-24 00:00,1.43261,1.44064,1.4203,1.43025,397769.899856687
2009-08-31 00:00,1.43019,1.43788,1.41752,1.4294,398717.299805284
2009-09-07 00:00,1.42982,1.46324,1.42964,1.45698,396945.399900079
2009-09-14 00:00,1.45689,1.47662,1.45131,1.47096,396591.799926519
2009-09-21 00:00,1.4711,1.48433,1.4609,1.46871,396883.89995122
2009-09-28 00:00,1.4697,1.47205,1.448,1.45753,398194.30004108
2009-10-05 00:00,1.45781,1.48169,1.4578,1.47302,397642.400006652
2009-10-12 00:00,1.4725,1.49693,1.46767,1.49044,399790.799972177
2009-10-19 00:00,1.49057,1.50598,1.48311,1.50067,397138.399953246
2009-10-26 00:00,1.49942,1.5061,1.46842,1.47189,400095.699907422
2009-11-02 00:00,1.47159,1.49174,1.46243,1.48464,400773.199931502
2009-11-09 00:00,1.48801,1.50503,1.48208,1.49007,398104.199827313
2009-11-16 00:00,1.4919,1.5016,1.48006,1.48605,401520.499903679
2009-11-23 00:00,1.48559,1.51455,1.48274,1.49863,402382.511826396
2009-11-30 00:00,1.50102,1.5141,1.48197,1.48563,398204.900033236
2009-12-07 00:00,1.48558,1.49049,1.45857,1.46122,405821.799946308
2009-12-14 00:00,1.46232,1.46856,1.42592,1.4338,405791.299959898
2009-12-21 00:00,1.43063,1.44373,1.42157,1.43788,407524.499950647
2009-12-28 00:00,1.43885,1.4458,1.42702,1.43345,412164.399835587
2010-01-04 00:00,1.43032,1.44846,1.42571,1.44099,412094.699748278
2010-01-11 00:00,1.44291,1.458,1.43357,1.43865,412462.19978261
2010-01-18 00:00,1.43556,1.44131,1.40257,1.41371,411246.399790406
2010-01-25 00:00,1.41565,1.41948,1.38602,1.38621,410703.599863768
2010-02-01 00:00,1.38628,1.40257,1.35826,1.36779,414347.199818254
2010-02-08 00:00,1.36573,1.38399,1.35281,1.36315,418304.799798846
2010-02-15 00:00,1.36248,1.37902,1.34442,1.36098,417502.699717283
2010-02-22 00:00,1.3635,1.36927,1.34496,1.36296,420183.399773836
2010-03-01 00:00,1.36227,1.37364,1.34353,1.36232,421387.699743986
2010-03-08 00:00,1.36324,1.37991,1.35343,1.37673,408876.899994373
2010-03-15 00:00,1.37707,1.38179,1.35005,1.35297,410508.499914765
2010-03-22 00:00,1.35348,1.35689,1.3267,1.34093,413912.799912214
2010-03-29 00:00,1.34159,1.35917,1.33823,1.35024,414035.799931049
2010-04-05 00:00,1.34982,1.35387,1.32793,1.34977,412199.399897337
2010-04-12 00:00,1.35302,1.36915,1.34713,1.35023,411455.100053906
2010-04-19 00:00,1.34978,1.35232,1.32022,1.33828,412133.000080943
2010-04-26 00:00,1.33781,1.34143,1.31124,1.32936,411496.300020814
2010-05-03 00:00,1.32982,1.33598,1.252,1.27488,409709.599920511
2010-05-10 00:00,1.27812,1.30925,1.23532,1.23595,409811.699946761
2010-05-17 00:00,1.23549,1.26711,1.21439,1.257,409354.699932933
2010-05-24 00:00,1.25679,1.25679,1.2151,1.22707,411794.799890399
2010-05-31 00:00,1.22756,1.23528,1.19541,1.19647,412352.199897408
2010-06-07 00:00,1.1961,1.21534,1.18758,1.21105,411672.999850988
2010-06-14 00:00,1.21165,1.2416,1.21146,1.23894,414474.49984777
2010-06-21 00:00,1.23964,1.24673,1.22084,1.23683,413294.79987514
2010-06-28 00:00,1.23726,1.26114,1.21494,1.25636,414025.899866581
2010-07-05 00:00,1.25559,1.2722,1.2479,1.26386,410851.499901533
2010-07-12 00:00,1.26364,1.30064,1.25224,1.29293,409475.599866748
2010-07-19 00:00,1.29239,1.30282,1.27299,1.29085,408151.999865413
2010-07-26 00:00,1.28985,1.3105,1.28746,1.30496,409468.199807286
2010-08-02 00:00,1.30545,1.33345,1.30506,1.32765,408856.59980166
2010-08-09 00:00,1.32863,1.33078,1.27468,1.27507,409467.199838638
2010-08-16 00:00,1.27562,1.2921,1.26611,1.27085,408248.799785137
2010-08-23 00:00,1.27034,1.27789,1.25843,1.27605,409499.699798703
2010-08-30 00:00,1.27583,1.28981,1.26224,1.28955,409818.599827886
2010-09-06 00:00,1.28911,1.29184,1.26435,1.26813,409332.699860215
2010-09-13 00:00,1.2676,1.31593,1.2676,1.30486,408526.799848318
2010-09-20 00:00,1.30562,1.34956,1.3032,1.34896,409720.49986577
2010-09-27 00:00,1.34854,1.37928,1.33786,1.37897,406159.899979949
2010-10-04 00:00,1.37931,1.40283,1.36358,1.39363,407245.000045657
2010-10-11 00:00,1.39482,1.41571,1.37736,1.39754,407219.199988008
2010-10-18 00:00,1.39814,1.405,1.36974,1.39534,420100.700020313
2010-10-25 00:00,1.39584,1.40806,1.37334,1.39463,422653.100078702
2010-11-01 00:00,1.39516,1.42825,1.3863,1.40308,423364.400068223
2010-11-08 00:00,1.40593,1.40837,1.3572,1.36907,423026.600076556
2010-11-15 00:00,1.37058,1.37508,1.34472,1.36758,416375.599991024
2010-11-22 00:00,1.37172,1.37866,1.32012,1.32429,394112.399972811
2010-11-29 00:00,1.32845,1.34385,1.29695,1.34163,964133.899422497
2010-12-06 00:00,1.33803,1.34232,1.3165,1.32259,859732.599376768
2010-12-13 00:00,1.31967,1.34988,1.31338,1.31895,894554.999344274
2010-12-20 00:00,1.31873,1.32023,1.30561,1.31242,740465.751115873
2010-12-27 00:00,1.31152,1.34254,1.30734,1.33864,619737.027675353
2011-01-03 00:00,1.33466,1.3431,1.29061,1.29079,1010624.00404299
2011-01-10 00:00,1.28795,1.34532,1.28747,1.33894,924888.944091178
2011-01-17 00:00,1.33838,1.36267,1.32451,1.36218,907128.853607506
2011-01-24 00:00,1.36435,1.37579,1.35413,1.36124,812668.293190695
2011-01-31 00:00,1.35874,1.38621,1.35442,1.35832,889321.102980316
2011-02-07 00:00,1.35636,1.37438,1.34981,1.35513,945724.652543917
2011-02-14 00:00,1.35084,1.37152,1.3429,1.36943,974968.70370923
2011-02-21 00:00,1.37009,1.3839,1.3528,1.37543,949420.952550665
2011-02-28 00:00,1.37587,1.40072,1.37121,1.39879,878039.241586462
2011-03-07 00:00,1.39945,1.40364,1.37529,1.39036,935533.291050747
2011-03-14 00:00,1.39645,1.4186,1.38561,1.41856,1097741.75143576
2011-03-21 00:00,1.41947,1.42489,1.40541,1.40891,864115.549358003
2011-03-28 00:00,1.40421,1.42458,1.40222,1.42376,858900.737869613
2011-04-04 00:00,1.4229,1.44891,1.41523,1.44837,852566.427337199
2011-04-11 00:00,1.44715,1.45202,1.43658,1.44321,922592.815436073
2011-04-18 00:00,1.44096,1.46491,1.41617,1.45656,863222.115811437
2011-04-25 00:00,1.45598,1.48803,1.44943,1.48087,833106.077656642
2011-05-02 00:00,1.48144,1.49405,1.43148,1.43158,1105871.10839093
2011-05-09 00:00,1.43569,1.44415,1.40677,1.41201,1393222.80690551
2011-05-16 00:00,1.40906,1.4346,1.4049,1.41597,1212964.84836932
2011-05-23 00:00,1.41253,1.43242,1.39701,1.43182,1220937.25748616
2011-05-30 00:00,1.43248,1.46432,1.42575,1.46374,991150.737699561
2011-06-06 00:00,1.46094,1.4697,1.43231,1.43481,1088570.09829769
2011-06-13 00:00,1.43275,1.44981,1.4074,1.43072,1206917.41853989
2011-06-20 00:00,1.42773,1.44421,1.41277,1.41892,1092310.98074643
2011-06-27 00:00,1.41946,1.45512,1.41033,1.45285,1071968.57189146
2011-07-04 00:00,1.45351,1.45788,1.4215,1.42655,976475.43309246
2011-07-11 00:00,1.42093,1.42813,1.38377,1.41568,1429636.86453954
2011-07-18 00:00,1.41088,1.44406,1.40148,1.43596,1281094.81551246
2011-07-25 00:00,1.43852,1.45363,1.42307,1.43968,1253731.97631758
2011-08-01 00:00,1.43857,1.44534,1.40565,1.42812,1560690.38619079
2011-08-08 00:00,1.44172,1.44298,1.41048,1.42495,1731054.42658573
2011-08-15 00:00,1.42696,1.45168,1.42534,1.43966,1368182.88568494
2011-08-22 00:00,1.43775,1.45021,1.43286,1.45004,1094795.36262912
2011-08-29 00:00,1.44991,1.45492,1.41848,1.42084,972359.811807044
2011-09-05 00:00,1.41599,1.42354,1.36293,1.36579,1132711.12122808
2011-09-12 00:00,1.35857,1.39326,1.35043,1.38,1371886.19169012
2011-09-19 00:00,1.36925,1.37876,1.33876,1.35032,1423866.95214935
2011-09-26 00:00,1.35195,1.36889,1.3366,1.33901,1442123.89194786
2011-10-03 00:00,1.33447,1.3525,1.31489,1.33807,1446530.55263067
2011-10-10 00:00,1.33916,1.38946,1.33786,1.38818,1288237.06342359
2011-10-17 00:00,1.3869,1.39146,1.36536,1.38953,1385379.01409654
2011-10-24 00:00,1.38429,1.42473,1.38004,1.41499,1307160.55312546
2011-10-31 00:00,1.41446,1.417,1.36095,1.37929,1454078.0629657
2011-11-07 00:00,1.38274,1.38582,1.34846,1.3752,1299875.32455309
2011-11-14 00:00,1.38077,1.38101,1.34222,1.35264,1312418.71579091
2011-11-21 00:00,1.35111,1.35679,1.32137,1.32374,1145465.64623763
2011-11-28 00:00,1.33222,1.3537,1.32597,1.33934,1158940.1170767
2011-12-05 00:00,1.34245,1.34864,1.32818,1.33875,1057037.80669218
2011-12-12 00:00,1.33809,1.33827,1.29487,1.30453,1199526.46857541
2011-12-19 00:00,1.30407,1.31898,1.29836,1.30485,1131361.52952456
2011-12-26 00:00,1.30424,1.30839,1.2859,1.29618,870482.977569222
2012-01-02 00:00,1.2939,1.30767,1.26986,1.27198,1174718.06486531
2012-01-09 00:00,1.26928,1.28786,1.26299,1.26805,1490133.66159768
2012-01-16 00:00,1.26355,1.2986,1.2627,1.29325,1331260.60694198
2012-01-23 00:00,1.28772,1.32319,1.28772,1.32168,1246649.33600996
2012-01-30 00:00,1.32269,1.32275,1.30266,1.31596,1418556.80484167
2012-02-06 00:00,1.3114,1.33202,1.30284,1.3198,1294785.05697419
2012-02-13 00:00,1.32059,1.32834,1.29761,1.31445,1271013.17778842
2012-02-20 00:00,1.31819,1.34869,1.31748,1.34486,1112048.41443086
2012-02-27 00:00,1.3463,1.34863,1.31875,1.32024,1252347.13590395
2012-03-05 00:00,1.31911,1.3292,1.30968,1.31245,1137338.43632596
2012-03-12 00:00,1.31033,1.31912,1.30046,1.31765,1057341.75525906
2012-03-19 00:00,1.31753,1.32926,1.3136,1.32713,1000192.93534331
2012-03-26 00:00,1.32709,1.33853,1.31926,1.33433,1033407.85616466
2012-04-02 00:00,1.33602,1.3381,1.30361,1.30974,902364.625890329
2012-04-09 00:00,1.31025,1.3213,1.30347,1.30789,981116.596232958
2012-04-16 00:00,1.30649,1.32284,1.29967,1.32219,1124315.62704182
2012-04-23 00:00,1.31838,1.32707,1.3105,1.32552,1048012.0663482
2012-04-30 00:00,1.32357,1.32839,1.30809,1.30852,898545.135289602
2012-05-07 00:00,1.30128,1.30663,1.29056,1.29185,1218795.95685405
2012-05-14 00:00,1.29018,1.29053,1.26426,1.27833,1296790.09738345
2012-05-21 00:00,1.27638,1.28246,1.24991,1.2519,1355713.91266031
2012-05-28 00:00,1.25758,1.2625,1.2292,1.24343,1266353.28552952
2012-06-04 00:00,1.2416,1.26262,1.23866,1.25174,1229747.80133867
2012-06-11 00:00,1.26426,1.26695,1.24433,1.2644,1262100.53314765
2012-06-18 00:00,1.26958,1.27487,1.25201,1.25722,1269231.3667995
2012-06-25 00:00,1.25467,1.26935,1.24079,1.26634,1162016.23475096
2012-07-02 00:00,1.26771,1.26805,1.22608,1.22908,1017224.55447771
2012-07-09 00:00,1.22635,1.23346,1.21629,1.22503,1048449.88432997
2012-07-16 00:00,1.22667,1.23218,1.21451,1.216,1060975.24567877
2012-07-23 00:00,1.21202,1.23905,1.20425,1.2321,1211781.53283059
2012-07-30 00:00,1.2296,1.2393,1.21347,1.23902,1015671.09110367
2012-08-06 00:00,1.23963,1.24438,1.22422,1.22901,923874.140210561
2012-08-13 00:00,1.22904,1.2386,1.2257,1.23358,785449.529859804
2012-08-20 00:00,1.2353,1.25895,1.22959,1.25132,900001.300498724
2012-08-27 00:00,1.2512,1.26385,1.24661,1.25782,802749.430639699
2012-09-03 00:00,1.25693,1.28184,1.25024,1.28174,879577.811172262
2012-09-10 00:00,1.28085,1.31677,1.27558,1.31309,956946.941377535
2012-09-17 00:00,1.31185,1.31703,1.29215,1.29798,935174.231117733
2012-09-24 00:00,1.2976,1.29884,1.28316,1.28598,833249.071048133
2012-10-01 00:00,1.28468,1.30721,1.28044,1.3035,884662.831288129
2012-10-08 00:00,1.30248,1.3028,1.28267,1.29539,821683.421212964
2012-10-15 00:00,1.29535,1.31392,1.28913,1.3023,838895.241354004
2012-10-22 00:00,1.30196,1.3084,1.28839,1.29412,848543.921106167
2012-10-29 00:00,1.29404,1.30208,1.2822,1.28355,752298.431118198
2012-11-05 00:00,1.28189,1.2877,1.26904,1.27114,943722.89177566
2012-11-12 00:00,1.27115,1.28026,1.2662,1.27447,844703.771558702
2012-11-19 00:00,1.27486,1.29917,1.2737,1.29759,694301.91099713
2012-11-26 00:00,1.29674,1.3028,1.28807,1.29869,737132.030763961
2012-12-03 00:00,1.29827,1.31274,1.288,1.29286,769932.501260705
2012-12-10 00:00,1.28893,1.31731,1.28865,1.31635,708457.131536067
2012-12-17 00:00,1.31662,1.33088,1.31447,1.31886,769261.062247366
2012-12-24 00:00,1.31737,1.32841,1.31665,1.32178,446672.910991423
2012-12-31 00:00,1.32143,1.33003,1.29982,1.30693,645582.461306341
2013-01-07 00:00,1.30767,1.33659,1.30172,1.33433,871216.502319224
2013-01-14 00:00,1.33619,1.34044,1.32572,1.33192,850254.79207328
2013-01-21 00:00,1.33114,1.348,1.32659,1.34601,790928.582473308
2013-01-28 00:00,1.34665,1.37112,1.34147,1.36413,879710.822668172
2013-02-04 00:00,1.36543,1.3659,1.3354,1.33665,927342.472829647
2013-02-11 00:00,1.33687,1.352,1.33068,1.3363,738635.362288222
2013-02-18 00:00,1.33507,1.34348,1.31456,1.31919,757951.882599257
2013-02-25 00:00,1.32166,1.33175,1.29672,1.30198,1063001.6313751
2013-03-04 00:00,1.30141,1.31347,1.29556,1.3006,795844.132034048
2013-03-11 00:00,1.29887,1.31062,1.29117,1.30755,865014.79250849
2013-03-18 00:00,1.29087,1.30077,1.28469,1.29886,1266935.42413786
2013-03-25 00:00,1.29478,1.30481,1.27542,1.28194,1088202.3841664
2013-04-01 00:00,1.28079,1.30393,1.27473,1.29947,1053392.73535345
2013-04-08 00:00,1.29736,1.31389,1.29688,1.31117,1123201.47450268
2013-04-15 00:00,1.31169,1.3202,1.30019,1.3053,1347056.25586857
2013-04-22 00:00,1.3079,1.30935,1.29615,1.30278,1095483.38444223
2013-04-29 00:00,1.30519,1.32429,1.30321,1.31158,1032737.38438315
2013-05-06 00:00,1.31244,1.31948,1.29356,1.29904,936971.32463903
2013-05-13 00:00,1.29728,1.30295,1.27968,1.28383,1101887.00500721
2013-05-20 00:00,1.28429,1.2998,1.28197,1.29328,1148797.18538819
2013-05-27 00:00,1.29353,1.30621,1.28384,1.29956,1036457.70451253
2013-06-03 00:00,1.29959,1.33062,1.29557,1.3219,1346918.86501275
2013-06-10 00:00,1.31934,1.33907,1.31777,1.3347,1378614.68646273
2013-06-17 00:00,1.33494,1.3417,1.30989,1.31234,1032428.37419809
2013-06-24 00:00,1.30919,1.31514,1.2985,1.30099,983431.163426526
2013-07-01 00:00,1.30163,1.30786,1.28067,1.28307,847964.712964095
2013-07-08 00:00,1.28124,1.32071,1.27556,1.30682,1002254.37374728
2013-07-15 00:00,1.30791,1.31775,1.29936,1.31429,924443.11376071
2013-07-22 00:00,1.31395,1.3297,1.3137,1.3279,938631.264592372
2013-07-29 00:00,1.32874,1.33451,1.31895,1.32808,1578619.83800598
2013-08-05 00:00,1.32841,1.3401,1.32332,1.33416,865759.443756282
2013-08-12 00:00,1.33225,1.33805,1.32059,1.33303,891194.822460383
2013-08-19 00:00,1.33319,1.34526,1.32984,1.33802,988118.662986487
2013-08-26 00:00,1.33856,1.33994,1.31741,1.32211,933338.20382306
2013-09-02 00:00,1.32175,1.32275,1.31049,1.31794,869012.274296992
2013-09-09 00:00,1.31652,1.33253,1.31647,1.32952,853427.194188669
2013-09-16 00:00,1.33607,1.3569,1.33255,1.35279,941462.604321986
2013-09-23 00:00,1.35516,1.3565,1.34623,1.35232,817650.654505305
2013-09-30 00:00,1.34951,1.36464,1.3478,1.35579,879279.434996985
2013-10-07 00:00,1.35652,1.36079,1.34863,1.35471,937840.945319645
2013-10-14 00:00,1.3564,1.37038,1.34739,1.36886,1028491.8552188
2013-10-21 00:00,1.36845,1.3833,1.36514,1.38061,990750.025050834
2013-10-28 00:00,1.38087,1.38179,1.34802,1.34888,1231513.70613009
2013-11-04 00:00,1.3487,1.3548,1.32956,1.33706,1122118.38568845
2013-11-11 00:00,1.33577,1.35063,1.3345,1.34977,1034910.54573957
2013-11-18 00:00,1.34975,1.35786,1.33996,1.3558,1084905.6555018
2013-11-25 00:00,1.3549,1.36224,1.34903,1.35917,964865.205308825
2013-12-02 00:00,1.35906,1.37071,1.35245,1.3707,1238281.6769615
2013-12-09 00:00,1.37159,1.3811,1.36946,1.37455,923338.636622712
2013-12-16 00:00,1.37294,1.38119,1.36254,1.36767,968402.09680552
2013-12-23 00:00,1.36735,1.3894,1.36554,1.37496,478279.752774268
2013-12-30 00:00,1.37579,1.38197,1.35826,1.359,669927.654118098
2014-01-06 00:00,1.35956,1.36876,1.35489,1.3673,1048853.55692177
2014-01-13 00:00,1.36789,1.37,1.35173,1.35422,904849.585976765
2014-01-20 00:00,1.35383,1.37395,1.35081,1.36803,956460.525733881
2014-01-27 00:00,1.36795,1.37167,1.34793,1.34898,1078741.99572032
2014-02-03 00:00,1.34844,1.36437,1.34774,1.36363,1084804.5754745
2014-02-10 00:00,1.36168,1.37149,1.35624,1.36939,920824.854836255
2014-02-17 00:00,1.37089,1.37733,1.36858,1.37403,715054.383537628
2014-02-24 00:00,1.37376,1.3825,1.36433,1.38037,731792.203503743
2014-03-03 00:00,1.3762,1.39152,1.37077,1.3879,680893.823646106
2014-03-10 00:00,1.38766,1.3967,1.3834,1.39154,732589.043484002
2014-03-17 00:00,1.39137,1.39478,1.37495,1.37947,686991.853471838
2014-03-24 00:00,1.37997,1.38761,1.37051,1.37518,739792.193562694
2014-03-31 00:00,1.37626,1.38204,1.3673,1.3705,599352.0434101
2014-04-07 00:00,1.36994,1.39059,1.36966,1.3886,644507.873652659
2014-04-14 00:00,1.38446,1.38646,1.37907,1.38165,520737.742593452
2014-04-21 00:00,1.38169,1.3855,1.37852,1.38351,522963.292459741
2014-04-28 00:00,1.38469,1.38893,1.37762,1.38745,813706.323403209
2014-05-05 00:00,1.38868,1.39936,1.37453,1.37587,911912.773818389
2014-05-12 00:00,1.37539,1.3775,1.36486,1.36946,895077.544118337
2014-05-19 00:00,1.36933,1.37344,1.36158,1.36344,841918.333427541
2014-05-26 00:00,1.36239,1.36688,1.35865,1.36351,755219.802606411
2014-06-02 00:00,1.36382,1.36768,1.35032,1.36445,974853.402654134
2014-06-09 00:00,1.36485,1.36691,1.35125,1.35411,973935.841976151
2014-06-16 00:00,1.35434,1.36435,1.35132,1.36007,999776.913424857
2014-06-23 00:00,1.35912,1.36514,1.35742,1.36508,1404957.41204172
2014-06-30 00:00,1.36448,1.37007,1.35857,1.3595,1315268.76091998
2014-07-07 00:00,1.35958,1.36509,1.35761,1.36093,1517602.15141505
2014-07-14 00:00,1.36009,1.36404,1.34912,1.35263,694572.511507571
2014-07-21 00:00,1.35291,1.35492,1.34216,1.34309,600019.001482457
2014-07-28 00:00,1.34318,1.34449,1.3367,1.34303,651613.671392262
2014-08-04 00:00,1.3432,1.34334,1.33332,1.34098,722980.942035146
2014-08-11 00:00,1.34115,1.34153,1.33362,1.34,644440.732237451
2014-08-18 00:00,1.3393,1.33993,1.32209,1.32446,672635.991703026
2014-08-25 00:00,1.31974,1.3221,1.3133,1.31331,729257.732381456
2014-09-01 00:00,1.31299,1.31602,1.29205,1.29522,833861.478927597
2014-09-08 00:00,1.29584,1.29796,1.28596,1.29643,1034943.05823006
2014-09-15 00:00,1.2974,1.29952,1.28288,1.28301,963197.04825604
2014-09-22 00:00,1.28349,1.29014,1.2677,1.26838,843660.948471159
2014-09-29 00:00,1.26848,1.2715,1.25008,1.25158,1004600.44827311
2014-10-06 00:00,1.25149,1.27917,1.25092,1.26304,1084097.96740776
2014-10-13 00:00,1.26322,1.28871,1.26211,1.27615,1109157.52717192
2014-10-20 00:00,1.27573,1.28404,1.2614,1.26716,895415.618421853
2014-10-27 00:00,1.26786,1.27707,1.24862,1.25271,968611.268065907
2014-11-03 00:00,1.25099,1.25776,1.23583,1.24565,1095537.07919753
2014-11-10 00:00,1.24739,1.25465,1.23946,1.25269,968068.828573614
2014-11-17 00:00,1.25325,1.25995,1.23751,1.23947,1027269.76793697
2014-11-24 00:00,1.23641,1.25318,1.23633,1.24543,719977.028590791
2014-12-01 00:00,1.2464,1.25068,1.22711,1.22842,895572.358908109
2014-12-08 00:00,1.229,1.24955,1.22473,1.24636,910847.647821218
2014-12-15 00:00,1.24758,1.257,1.22204,1.22303,921675.529108442
2014-12-22 00:00,1.22243,1.22729,1.2165,1.21819,352060.239750117
2014-12-29 00:00,1.21848,1.22215,1.2001,1.20032,404308.289404206
2015-01-05 00:00,1.1951,1.19766,1.17545,1.18425,828074.8590542
2015-01-12 00:00,1.18511,1.18711,1.14602,1.1565,1080676.84882361
2015-01-19 00:00,1.15548,1.16803,1.11148,1.1206,886493.908071056
2015-01-26 00:00,1.11545,1.14229,1.10983,1.12898,906384.768119782
2015-02-02 00:00,1.13145,1.15341,1.12927,1.13168,821394.028085858
2015-02-09 00:00,1.1298,1.14431,1.12705,1.13956,768214.598330192
2015-02-16 00:00,1.14039,1.14503,1.12793,1.13843,712480.119421907
2015-02-23 00:00,1.1397,1.13979,1.1176,1.11994,775978.709719039
2015-03-02 00:00,1.11826,1.12407,1.08407,1.08458,765883.08950261
2015-03-09 00:00,1.08308,1.09066,1.04626,1.04982,1090542.30860226
2015-03-16 00:00,1.04713,1.10425,1.04707,1.08235,983168.539591677
2015-03-23 00:00,1.08421,1.10526,1.07678,1.08928,1158645.8994912
2015-03-30 00:00,1.08873,1.10274,1.07133,1.09767,863860.409968123
2015-04-06 00:00,1.10084,1.10359,1.05681,1.06053,903179.109282129
2015-04-13 00:00,1.0589,1.08491,1.05207,1.08095,1099555.41864275
2015-04-20 00:00,1.0823,1.09002,1.066,1.08767,1114033.53706546
2015-04-27 00:00,1.08674,1.12903,1.08197,1.11981,1150739.42380366
2015-05-04 00:00,1.11985,1.13919,1.10665,1.12017,1139410.75397444
2015-05-11 00:00,1.12016,1.14672,1.11312,1.14497,1181831.98319367
2015-05-18 00:00,1.14504,1.14513,1.10024,1.10147,1150536.42347294
2015-05-25 00:00,1.10069,1.10101,1.08194,1.09919,1030002.81466347
2015-06-01 00:00,1.09815,1.138,1.08874,1.11159,1272697.16368065
2015-06-08 00:00,1.10996,1.13867,1.10845,1.12674,1155355.57312763
2015-06-15 00:00,1.12144,1.14366,1.11895,1.13557,1010683.16526385
2015-06-22 00:00,1.13775,1.14104,1.11304,1.11746,950114.995520525
2015-06-29 00:00,1.10073,1.12786,1.0955,1.11155,963912.895995572
2015-07-06 00:00,1.09972,1.12164,1.09164,1.11584,1067554.95481066
2015-07-13 00:00,1.10974,1.11972,1.08288,1.08309,995698.795293756
2015-07-20 00:00,1.08339,1.10185,1.0809,1.09816,875880.373506545
2015-07-27 00:00,1.09856,1.11295,1.08936,1.09861,907016.636212915
2015-08-03 00:00,1.09751,1.09961,1.08483,1.09676,847802.20618768
2015-08-10 00:00,1.09647,1.12136,1.09256,1.11115,884389.875938401
2015-08-17 00:00,1.112,1.13898,1.10176,1.13893,897664.145397186
2015-08-24 00:00,1.13828,1.17146,1.11562,1.11856,1358877.49365547
2015-08-31 00:00,1.11778,1.13324,1.10875,1.11582,1013696.81558835
2015-09-07 00:00,1.11651,1.13498,1.11219,1.13383,952834.594957344
2015-09-14 00:00,1.13332,1.14602,1.12142,1.13029,993842.014988869
2015-09-21 00:00,1.12861,1.13301,1.11053,1.12,983186.494429901
2015-09-28 00:00,1.11906,1.13186,1.11353,1.12151,1087869.72379666
2015-10-05 00:00,1.12238,1.13873,1.11722,1.13593,1003071.36458249
2015-10-12 00:00,1.13653,1.14952,1.13346,1.13512,920661.834920853
2015-10-19 00:00,1.13648,1.13872,1.09968,1.10195,939520.935515948
2015-10-26 00:00,1.10054,1.10958,1.08972,1.10087,971024.665008053
2015-11-02 00:00,1.10365,1.10528,1.07062,1.07435,907946.135342054
2015-11-09 00:00,1.07324,1.08302,1.06746,1.07743,1019802.2851682
2015-11-16 00:00,1.0742,1.07631,1.06173,1.0647,1045545.36555475
2015-11-23 00:00,1.06405,1.06894,1.05663,1.05968,875400.475735471
2015-11-30 00:00,1.05908,1.09815,1.0524,1.08868,1257328.7249948
2015-12-07 00:00,1.08765,1.10429,1.07962,1.09947,1153118.7345998
2015-12-14 00:00,1.09866,1.10599,1.08027,1.08716,1194527.30459707
2015-12-21 00:00,1.08595,1.09843,1.08481,1.09708,635562.237104319
2015-12-28 00:00,1.09556,1.09927,1.08532,1.08608,539480.087218478
2016-01-04 00:00,1.0875,1.09466,1.07108,1.09291,1225918.45401759
2016-01-11 00:00,1.09209,1.09848,1.0805,1.09197,1451756.66257544
2016-01-18 00:00,1.09305,1.09761,1.07781,1.0802,1516527.22262504
2016-01-25 00:00,1.07943,1.09678,1.07897,1.08312,1543365.80299957
2016-02-01 00:00,1.08342,1.12492,1.08149,1.11619,1639786.91258007
2016-02-08 00:00,1.11443,1.13765,1.10867,1.1258,2015522.48109724
2016-02-15 00:00,1.12395,1.12532,1.10671,1.1132,1622544.23382788
2016-02-22 00:00,1.11129,1.1125,1.09119,1.09329,1724688.23330639
2016-02-29 00:00,1.09169,1.10436,1.08258,1.10077,1710283.10358582
2016-03-07 00:00,1.0993,1.12183,1.08223,1.11495,1714371.91408586
2016-03-14 00:00,1.11406,1.13427,1.10581,1.12711,1776407.89386922
2016-03-21 00:00,1.12662,1.1285,1.11449,1.11712,1247842.32596474
2016-03-28 00:00,1.11699,1.14381,1.11531,1.13966,1376897.2955303
2016-04-04 00:00,1.14017,1.1454,1.13269,1.13997,1276739.58615196
2016-04-11 00:00,1.14208,1.1465,1.12341,1.12855,1210524.61615693
2016-04-18 00:00,1.13053,1.13985,1.12184,1.12266,1185888.27601439
2016-04-25 00:00,1.122,1.14595,1.122,1.14516,1316009.12597581
2016-05-02 00:00,1.14633,1.16164,1.13861,1.1409,1249924.306729
2016-05-09 00:00,1.13986,1.14467,1.12831,1.13136,1117945.04781805
2016-05-16 00:00,1.13139,1.1349,1.11802,1.12242,1068262.17854989
2016-05-23 00:00,1.121,1.12432,1.11112,1.11164,1043300.06647461
2016-05-30 00:00,1.11138,1.13739,1.1098,1.13672,1041063.5174138
2016-06-06 00:00,1.13587,1.14157,1.12454,1.12518,1037304.31783437
2016-06-13 00:00,1.12535,1.1303,1.11311,1.12793,1126385.75732666
2016-06-20 00:00,1.1337,1.1429,1.09118,1.11141,1301485.31698252
2016-06-27 00:00,1.10135,1.11696,1.0971,1.11418,1345577.04504517
2016-07-04 00:00,1.11397,1.11865,1.10019,1.10523,1036289.16654016
2016-07-11 00:00,1.10546,1.1165,1.1016,1.10374,1126704.59768483
2016-07-18 00:00,1.10534,1.10844,1.09557,1.09777,3218799.80276756
2016-07-25 00:00,1.09785,1.11975,1.09521,1.11765,5045136.30445825
2016-08-01 00:00,1.11774,1.12339,1.1046,1.10897,4754041.83632457
2016-08-08 00:00,1.10847,1.12215,1.10708,1.11666,4158891.92002033
2016-08-15 00:00,1.1172,1.13665,1.11541,1.13256,4133635.53886677
2016-08-22 00:00,1.13134,1.13554,1.11806,1.11982,4392177.81871639
2016-08-29 00:00,1.1184,1.12525,1.11235,1.11565,5181661.7570108
2016-09-05 00:00,1.11594,1.13272,1.11396,1.12345,5744699.26754947
2016-09-12 00:00,1.12383,1.12844,1.11497,1.11592,6000901.63469714
2016-09-19 00:00,1.1156,1.12575,1.11233,1.12285,6167469.10574387
2016-09-26 00:00,1.12306,1.12794,1.11535,1.12434,6752521.32788818
2016-10-03 00:00,1.12328,1.12445,1.11046,1.1204,6186006.66091616
2016-10-10 00:00,1.11822,1.12039,1.09708,1.09722,5315986.48479804
2016-10-17 00:00,1.09697,1.10395,1.08596,1.0889,4893273.3233448
2016-10-24 00:00,1.08818,1.09919,1.08512,1.09879,1248297.58337549
2016-10-31 00:00,1.09939,1.11426,1.09361,1.11425,1123214.72490722
2016-11-07 00:00,1.10638,1.12998,1.08306,1.08602,1545849.04367472
2016-11-14 00:00,1.08342,1.08407,1.05694,1.05914,1515514.87311692
2016-11-21 00:00,1.05929,1.06581,1.05183,1.05991,1140661.38511792
2016-11-28 00:00,1.06119,1.069,1.05528,1.06698,1290779.35603876
2016-12-05 00:00,1.06327,1.0874,1.05068,1.05625,1191348.74638565
2016-12-12 00:00,1.05343,1.06702,1.03667,1.0455,1183586.66616844
2016-12-19 00:00,1.04444,1.04994,1.03524,1.0456,856275.367709115
2016-12-26 00:00,1.04665,1.06585,1.03723,1.05219,755734.548811197
2017-01-02 00:00,1.05236,1.06234,1.03405,1.05346,1063730.55725427
2017-01-09 00:00,1.05308,1.06848,1.04539,1.06481,1268296.75571987
2017-01-16 00:00,1.06104,1.07193,1.05794,1.07044,1211897.99564914
2017-01-23 00:00,1.07034,1.0775,1.06578,1.07,1129732.5048961
2017-01-30 00:00,1.07232,1.0829,1.06204,1.07876,1252026.4141451
2017-02-06 00:00,1.07903,1.07934,1.06079,1.06427,1160995.28418378
2017-02-13 00:00,1.06292,1.06795,1.05216,1.06151,1125974.74571629
2017-02-20 00:00,1.06094,1.06331,1.04939,1.0563,1136591.55578163
2017-02-27 00:00,1.05645,1.06307,1.0495,1.0625,1241144.6555302
2017-03-06 00:00,1.06103,1.06993,1.05253,1.06763,1025377.67493735
2017-03-13 00:00,1.06821,1.07826,1.06004,1.0739,1040148.17426179
2017-03-20 00:00,1.07356,1.0825,1.07194,1.08004,1029636.08463665
2017-03-27 00:00,1.08428,1.0906,1.06522,1.06561,901109.615726724
2017-04-03 00:00,1.06666,1.06894,1.05809,1.05919,914160.385353766
2017-04-10 00:00,1.05894,1.06778,1.057,1.06148,703038.476580627
2017-04-17 00:00,1.06215,1.07777,1.06035,1.07298,758115.146535091
2017-04-24 00:00,1.0923,1.0951,1.08213,1.08964,938607.365613513
2017-05-01 00:00,1.0915,1.1,1.08751,1.0999,755795.216698281
2017-05-08 00:00,1.10216,1.10227,1.08393,1.09339,842104.25659316
2017-05-15 00:00,1.09327,1.12121,1.09229,1.1208,999998.529434286
2017-05-22 00:00,1.11997,1.12683,1.11609,1.11841,1079348.03892811
2017-05-29 00:00,1.11769,1.12852,1.11097,1.12851,841125.039622568
2017-06-05 00:00,1.12769,1.12843,1.11665,1.11975,896669.577738605
2017-06-12 00:00,1.12109,1.1296,1.11323,1.11969,959289.326741949
2017-06-19 00:00,1.12107,1.1213,1.11191,1.11954,978748.234955519
2017-06-26 00:00,1.12026,1.14457,1.11719,1.14272,1209496.81669989
2017-07-03 00:00,1.14213,1.144,1.13127,1.14031,993237.45824372
2017-07-10 00:00,1.14015,1.14896,1.13708,1.14697,1038799.35879261
2017-07-17 00:00,1.14743,1.16831,1.14351,1.16639,1208483.85906512
2017-07-24 00:00,1.16701,1.17771,1.16127,1.17519,1298378.66971241
2017-07-31 00:00,1.17508,1.19106,1.17234,1.17736,1191589.14916132
2017-08-07 00:00,1.17755,1.18477,1.16893,1.18224,1106831.76926964
2017-08-14 00:00,1.18265,1.18386,1.16625,1.17622,1175183.4903857
2017-08-21 00:00,1.17643,1.19419,1.17312,1.1924,1079929.91083245
2017-08-28 00:00,1.19496,1.20705,1.18234,1.18611,1259515.99963391
2017-09-04 00:00,1.18873,1.20926,1.18686,1.20365,1194823.27910019
2017-09-11 00:00,1.20219,1.20298,1.18382,1.19478,1164665.11957517
2017-09-18 00:00,1.19234,1.20346,1.18615,1.19476,1748315.12766229
2017-09-25 00:00,1.19036,1.19367,1.17173,1.18165,1205110.86840228
2017-10-02 00:00,1.17944,1.18156,1.16697,1.17336,1065484.25789775
2017-10-09 00:00,1.17319,1.18799,1.17198,1.18223,997314.987794675
2017-10-16 00:00,1.1815,1.18582,1.17304,1.17825,1013962.27787037
2017-10-23 00:00,1.17657,1.18369,1.15744,1.16108,1046816.77828229
2017-10-30 00:00,1.16138,1.16906,1.15942,1.16103,963639.290203653
2017-11-06 00:00,1.1617,1.16781,1.15542,1.16667,948678.619649343
2017-11-13 00:00,1.16587,1.18605,1.16376,1.17926,944626.541195273
2017-11-20 00:00,1.17897,1.19445,1.1713,1.19346,915780.911018774
2017-11-27 00:00,1.19272,1.19614,1.18093,1.19005,1176980.33066855
2017-12-04 00:00,1.18652,1.18789,1.17303,1.17755,1088598.59086826
2017-12-11 00:00,1.17659,1.18629,1.17178,1.17519,1054303.95957694
2017-12-18 00:00,1.17451,1.19019,1.17387,1.18644,994984.681051187
2017-12-25 00:00,1.18589,1.20257,1.18444,1.20075,648332.980816923
2018-01-02 00:00,1.20143,1.2089,1.20015,1.20314,811437.921060681
2018-01-08 00:00,1.20297,1.22186,1.19158,1.22051,1209546.71061269
2018-01-15 00:00,1.21962,1.23233,1.21656,1.22174,1312600.17224727
2018-01-22 00:00,1.22708,1.25375,1.22142,1.24315,1506739.01230019
2018-01-29 00:00,1.24291,1.25233,1.23352,1.24608,1537996.75255688
2018-02-05 00:00,1.24391,1.24751,1.22058,1.22535,1712570.36297606
2018-02-12 00:00,1.22501,1.25556,1.22353,1.24123,1409366.85281365
2018-02-19 00:00,1.24035,1.24352,1.22598,1.22975,1395715.74125553
2018-02-26 00:00,1.22953,1.23552,1.21548,1.23203,1392826.96221118
2018-03-05 00:00,1.23296,1.24463,1.22691,1.23061,1439306.71165732
2018-03-12 00:00,1.23176,1.24128,1.22603,1.22904,1176907.41104384
2018-03-19 00:00,1.22857,1.23885,1.22401,1.23548,1293792.36187213
2018-03-26 00:00,1.23551,1.24766,1.22841,1.23261,1173192.98213224
2018-04-02 00:00,1.23267,1.23452,1.22154,1.22834,1150626.70211434
2018-04-09 00:00,1.22896,1.23972,1.22605,1.23324,1228537.12261318
2018-04-16 00:00,1.2336,1.24138,1.22502,1.22903,1124458.33229333
2018-04-23 00:00,1.22772,1.22897,1.20557,1.21332,1188137.64324665
2018-04-30 00:00,1.2125,1.21389,1.19109,1.1964,1197936.87545608
2018-05-07 00:00,1.19637,1.19782,1.18228,1.19451,1176459.31472884
2018-05-14 00:00,1.19463,1.19962,1.175,1.17747,1289287.68395963
2018-05-21 00:00,1.17766,1.18299,1.16463,1.16516,1362962.72400109
2018-05-28 00:00,1.16878,1.17287,1.15102,1.16602,1445391.00542339
2018-06-04 00:00,1.16644,1.18401,1.16528,1.17708,1246787.16446205
2018-06-11 00:00,1.17761,1.18521,1.15436,1.16103,1236562.94327979
2018-06-18 00:00,1.15906,1.1675,1.15085,1.1659,1295209.61159086
2018-06-25 00:00,1.16648,1.17205,1.15275,1.16858,1437548.26905138
2018-07-02 00:00,1.16804,1.17679,1.15915,1.17464,1202141.3203332
2018-07-09 00:00,1.17432,1.17908,1.16133,1.16885,1247621.73964997
2018-07-16 00:00,1.16912,1.17449,1.15751,1.17205,1392327.11920369
2018-07-23 00:00,1.17285,1.17499,1.16208,1.16585,1255156.17920615
2018-07-30 00:00,1.16604,1.17461,1.15605,1.15691,1164448.81921017
2018-08-06 00:00,1.15731,1.16285,1.13883,1.1413,1165422.93912669
2018-08-13 00:00,1.13731,1.1445,1.13012,1.14396,1270083.1390551
2018-08-20 00:00,1.14419,1.164,1.13947,1.16223,1173556.02015449
2018-08-27 00:00,1.16189,1.17337,1.15848,1.16054,1155537.28948093
2018-09-03 00:00,1.15989,1.16595,1.15304,1.15545,1123914.2895891
2018-09-10 00:00,1.15506,1.17218,1.15262,1.16246,1068903.06069606
2018-09-17 00:00,1.16271,1.1803,1.16182,1.17523,1108940.55039956
2018-09-24 00:00,1.17504,1.18154,1.15699,1.16053,1205289.31152779
2018-10-01 00:00,1.16207,1.16249,1.14635,1.15243,1181860.15038452
2018-10-08 00:00,1.15248,1.16107,1.14324,1.15626,1226729.09105935
2018-10-15 00:00,1.15448,1.16215,1.14332,1.15156,1227021.06033842
2018-10-22 00:00,1.15177,1.15502,1.13359,1.14044,1273976.07052588
2018-10-29 00:00,1.13944,1.14561,1.13024,1.13881,1222912.56105535
2018-11-05 00:00,1.13886,1.14998,1.13164,1.13374,1243022.56074693
2018-11-12 00:00,1.13255,1.14208,1.12158,1.14198,1388238.46110716
2018-11-19 00:00,1.14151,1.14725,1.1328,1.1342,1187475.81102293
2018-11-26 00:00,1.1342,1.14019,1.12674,1.13229,1297472.44812045
2018-12-03 00:00,1.13541,1.14238,1.13113,1.13826,1255670.46652149
2018-12-10 00:00,1.13938,1.1443,1.12701,1.13073,1272651.37633575
2018-12-17 00:00,1.13048,1.14861,1.13014,1.13718,1833503.31557372
2018-12-24 00:00,1.13738,1.1473,1.13432,1.1445,1617202.34793267
2018-12-31 00:00,1.14398,1.14971,1.13098,1.13975,1663204.65719938
